Rank,Cryptocurrency,Symbol,Price,24h Change,Market Cap,Timestamp
1,Bitcoin,BTC,"$84,586.56",0.06%,$1.69T,2026-10-03 13:07:09
2,Ethereum,ETH,"$2,680.71",0.17%,$327.31B,2026-10-03 13:07:09
3,Tether,USDT,$0.9998,0.00%,$184.05B,2026-10-03 13:07:09
4,BNB,BNB,$765.88,0.15%,$101.98B,2026-10-03 13:07:09
5,XRP,XRP,$1.48,0.13%,$93.67B,2026-10-03 13:07:09
6,USDC,USDC,$0.9999,0.00%,$74.1B,2026-10-03 13:07:09
7,Solana,SOL,$119.36,0.21%,$70.2B,2026-10-03 13:07:09
8,TRON,TRX,$0.3352,0.03%,$31.83B,2026-10-03 13:07:09
9,Zcash,ZEC,"$1,316.09",0.24%,$22.23B,2026-10-03 13:07:09
10,Hyperliquid,HYPE,$88.11,0.35%,$22.11B,2026-10-03 13:07:09
